input,output
-2,0.1353352
-1,0.3678794
0,1
1,2.7182818
2,7.3890561